sample,timestamp,encode_seconds,request_seconds,status,direct_detection_count,person_count,multiple_person_detection_count,loitering_detection_count,fight_mode,fight_source,fight_class,fight_confidence,fight_is_fighting,fight_buffer_size,fight_frames_sent,fight_error,incidents_created,incident_names,error
0,2026-05-14T12:00:00,0.00042299999768147245,0.0531600000031176,ok,2,2,0,0,remote,remote_waiting,,0.0,False,1,0,,0,,
1,2026-05-14T12:00:01,0.0003121999980066903,0.06357099999877391,ok,3,3,1,0,remote,remote_waiting,,0.0,False,2,0,,0,,
2,2026-05-14T12:00:02,0.0003288000007160008,0.04269969999586465,ok,4,4,0,0,remote,remote_waiting,,0.0,False,3,0,,0,,
3,2026-05-14T12:00:03,0.00033290000283159316,0.04210149999562418,ok,4,4,0,0,remote,remote_waiting,,0.0,False,4,0,,0,,
4,2026-05-14T12:00:04,0.00032780000037746504,0.05599670000083279,ok,4,4,0,0,remote,remote_waiting,,0.0,False,5,0,,0,,
5,2026-05-14T12:00:05,0.0002997999981744215,0.04656729999987874,ok,4,4,0,0,remote,remote_waiting,,0.0,False,6,0,,0,,
6,2026-05-14T12:00:06,0.00029910000012023374,0.05679839999356773,ok,3,3,0,0,remote,remote_waiting,,0.0,False,7,0,,0,,
7,2026-05-14T12:00:07,0.0003079000016441569,0.05848110000079032,ok,3,3,0,0,remote,remote_waiting,,0.0,False,8,0,,0,,
8,2026-05-14T12:00:08,0.0002986000035889447,0.04049479999957839,ok,4,4,0,0,remote,remote_waiting,,0.0,False,9,0,,0,,
9,2026-05-14T12:00:09,0.0002973000009660609,0.06397859999560751,ok,4,4,0,0,remote,remote_waiting,,0.0,False,10,0,,0,,
10,2026-05-14T12:00:10,0.00029910000012023374,0.06290109999827109,ok,4,4,0,0,remote,remote_waiting,,0.0,False,11,0,,0,,
11,2026-05-14T12:00:11,0.000301199994282797,0.04640429999562912,ok,4,4,1,0,remote,remote_waiting,,0.0,False,12,0,,0,,
12,2026-05-14T12:00:12,0.0002789999998640269,0.06023460000142222,ok,4,4,0,0,remote,remote_waiting,,0.0,False,13,0,,0,,
13,2026-05-14T12:00:13,0.0003032000022358261,0.05335580000246409,ok,3,3,0,0,remote,remote_waiting,,0.0,False,14,0,,0,,
14,2026-05-14T12:00:14,0.0002910999974119477,0.04487969999900088,ok,3,3,0,0,remote,remote_waiting,,0.0,False,15,0,,0,,
15,2026-05-14T12:00:15,0.0002936000018962659,12.712462100003904,ok,3,2,0,0,remote,local_videomae_service,fighting,0.9794901013374329,True,16,16,,1,physical_altercation,
16,2026-05-14T12:00:16,0.000396099996578414,1.2545495000013034,ok,4,3,0,0,remote,local_videomae_service,fighting,0.9802639484405518,True,16,16,,0,,
17,2026-05-14T12:00:17,0.00027919999411096796,1.3042715000046883,ok,4,3,0,0,remote,local_videomae_service,fighting,0.9871901869773865,True,16,16,,0,,
18,2026-05-14T12:00:18,0.0002593000026536174,1.2914947000026586,ok,4,3,0,0,remote,local_videomae_service,fighting,0.9962479472160339,True,16,16,,0,,
19,2026-05-14T12:00:19,0.00029749999521300197,1.2142201000024215,ok,4,3,0,0,remote,local_videomae_service,fighting,0.9994366765022278,True,16,16,,0,,
20,2026-05-14T12:00:20,0.00032169999758480117,1.2479797000050894,ok,4,3,0,0,remote,local_videomae_service,fighting,0.9990382194519043,True,16,16,,0,,
21,2026-05-14T12:00:21,0.000301499996567145,1.267683100006252,ok,3,2,1,0,remote,local_videomae_service,fighting,0.999693751335144,True,16,16,,0,,
22,2026-05-14T12:00:22,0.0002583999958005734,0.06469649999780813,ok,1,1,0,0,remote,not_enough_people,,0.0,False,0,0,,0,,
23,2026-05-14T12:00:23,0.00030780000088270754,0.045569699999759905,ok,0,0,0,0,remote,not_enough_people,,0.0,False,0,0,,0,,
24,2026-05-14T12:00:24,0.0003069000013056211,0.04719900000054622,ok,1,1,0,0,remote,not_enough_people,,0.0,False,0,0,,0,,
25,2026-05-14T12:00:25,0.0003409999990253709,0.04917840000416618,ok,2,2,0,0,remote,remote_waiting,,0.0,False,1,0,,0,,
26,2026-05-14T12:00:26,0.0002516999957151711,8.123836400001892,ok,3,3,0,0,remote,remote_waiting,,0.0,False,2,0,,0,physical_altercation,
27,2026-05-14T12:00:27,0.0003251000016462058,0.05246219999389723,ok,3,3,0,0,remote,remote_waiting,,0.0,False,3,0,,0,,
28,2026-05-14T12:00:28,0.00031549999403068796,0.06499150000308873,ok,2,2,0,0,remote,remote_waiting,,0.0,False,4,0,,0,,
29,2026-05-14T12:00:29,0.0003188999980920926,0.058487200003582984,ok,3,3,0,0,remote,remote_waiting,,0.0,False,5,0,,0,,
30,2026-05-14T12:00:30,0.00031260000105248764,0.05131490000349004,ok,3,3,0,0,remote,remote_waiting,,0.0,False,6,0,,0,,
31,2026-05-14T12:00:31,0.0002978999982587993,0.0697269000011147,ok,3,3,1,0,remote,remote_waiting,,0.0,False,7,0,,0,,
32,2026-05-14T12:00:32,0.0003065999990212731,21.09274209999421,ok,3,3,0,0,remote,remote_waiting,,0.0,False,8,0,,0,physical_altercation;physical_altercation,
33,2026-05-14T12:00:33,0.0002442999975755811,22.14500609999959,ok,2,2,0,0,remote,remote_waiting,,0.0,False,9,0,,0,physical_altercation;physical_altercation,
34,2026-05-14T12:00:34,0.0003221000006305985,7.8698829999993904,ok,2,2,0,0,remote,remote_waiting,,0.0,False,10,0,,0,physical_altercation,
35,2026-05-14T12:00:35,0.00032720000308472663,0.0703356999947573,ok,2,2,0,0,remote,remote_waiting,,0.0,False,11,0,,0,,
36,2026-05-14T12:00:36,0.0002798999994411133,0.05945819999760715,ok,2,2,0,0,remote,remote_waiting,,0.0,False,12,0,,0,,
